<?xml version="1.0" standalone="yes"?>
<RECORDS>
	<RECORD>
		<id>1</id>
		<url_hash>78383652</url_hash>
		<url>https://www.autoevolution.com/ac/</url>
		<name>AC</name>
		<logo>https://s1.cdn.autoevolution.com/images/producers/ac-sm.jpg</logo>
		<deleted_at/>
		<created_at>14/11/2023 21:37:38</created_at>
		<updated_at>14/11/2023 21:37:38</updated_at>
	</RECORD>
	<RECORD>
		<id>2</id>
		<url_hash>6a1df75c</url_hash>
		<url>https://www.autoevolution.com/acura/</url>
		<name>ACURA</name>
		<logo>https://s1.cdn.autoevolution.com/images/producers/acura-sm.jpg</logo>
		<deleted_at/>
		<created_at>14/11/2023 21:37:38</created_at>
		<updated_at>14/11/2023 21:37:38</updated_at>
	</RECORD>
	<RECORD>
		<id>3</id>
		<url_hash>0608c25a</url_hash>
		<url>https://www.autoevolution.com/alfa-romeo/</url>
		<name>ALFA ROMEO</name>
		<logo>https://s1.cdn.autoevolution.com/images/producers/alfa-romeo-sm.jpg</logo>
		<deleted_at/>
		<created_at>14/11/2023 21:37:38</created_at>
		<updated_at>14/11/2023 21:37:38</updated_at>
	</RECORD>
	<RECORD>
		<id>4</id>
		<url_hash>a829c754</url_hash>
		<url>https://www.autoevolution.com/alpine/</url>
		<name>ALPINE</name>
		<logo>https://s1.cdn.autoevolution.com/images/producers/alpine-sm.jpg</logo>
		<deleted_at/>
		<created_at>14/11/2023 21:37:38</created_at>
		<updated_at>14/11/2023 21:37:38</updated_at>
	</RECORD>
	<RECORD>
		<id>5</id>
		<url_hash>85a1d7e1</url_hash>
		<url>https://www.autoevolution.com/ariel/</url>
		<name>ARIEL</name>
		<logo>https://s1.cdn.autoevolution.com/images/producers/ariel-sm.jpg</logo>
		<deleted_at/>
		<created_at>14/11/2023 21:37:38</created_at>
		<updated_at>14/11/2023 21:37:38</updated_at>
	</RECORD>
	<RECORD>
		<id>6</id>
		<url_hash>c4aba20b</url_hash>
		<url>https://www.autoevolution.com/aro/</url>
		<name>ARO</name>
		<logo>https://s1.cdn.autoevolution.com/images/producers/aro-sm.jpg</logo>
		<deleted_at/>
		<created_at>14/11/2023 21:37:38</created_at>
		<updated_at>14/11/2023 21:37:38</updated_at>
	</RECORD>
	<RECORD>
		<id>7</id>
		<url_hash>d519e48e</url_hash>
		<url>https://www.autoevolution.com/artega/</url>
		<name>ARTEGA</name>
		<logo>https://s1.cdn.autoevolution.com/images/producers/artega-sm.jpg</logo>
		<deleted_at/>
		<created_at>14/11/2023 21:37:38</created_at>
		<updated_at>14/11/2023 21:37:38</updated_at>
	</RECORD>
	<RECORD>
		<id>8</id>
		<url_hash>bf4a9110</url_hash>
		<url>https://www.autoevolution.com/aston-martin/</url>
		<name>ASTON MARTIN</name>
		<logo>https://s1.cdn.autoevolution.com/images/producers/aston-martin-sm.jpg</logo>
		<deleted_at/>
		<created_at>14/11/2023 21:37:38</created_at>
		<updated_at>14/11/2023 21:37:38</updated_at>
	</RECORD>
	<RECORD>
		<id>9</id>
		<url_hash>47f8c52c</url_hash>
		<url>https://www.autoevolution.com/audi/</url>
		<name>AUDI</name>
		<logo>https://s1.cdn.autoevolution.com/images/producers/audi-sm.jpg</logo>
		<deleted_at/>
		<created_at>14/11/2023 21:37:38</created_at>
		<updated_at>14/11/2023 21:37:38</updated_at>
	</RECORD>
	<RECORD>
		<id>10</id>
		<url_hash>1de3e1c4</url_hash>
		<url>https://www.autoevolution.com/aurus/</url>
		<name>AURUS</name>
		<logo>https://s1.cdn.autoevolution.com/images/producers/aurus-sm.jpg</logo>
		<deleted_at/>
		<created_at>14/11/2023 21:37:38</created_at>
		<updated_at>14/11/2023 21:37:38</updated_at>
	</RECORD>
	<RECORD>
		<id>11</id>
		<url_hash>a74b45fb</url_hash>
		<url>https://www.autoevolution.com/bentley/</url>
		<name>BENTLEY</name>
		<logo>https://s1.cdn.autoevolution.com/images/producers/bentley-sm.jpg</logo>
		<deleted_at/>
		<created_at>14/11/2023 21:37:38</created_at>
		<updated_at>14/11/2023 21:37:38</updated_at>
	</RECORD>
	<RECORD>
		<id>12</id>
		<url_hash>362a88e7</url_hash>
		<url>https://www.autoevolution.com/bmw/</url>
		<name>BMW</name>
		<logo>https://s1.cdn.autoevolution.com/images/producers/bmw-sm.jpg</logo>
		<deleted_at/>
		<created_at>14/11/2023 21:37:38</created_at>
		<updated_at>14/11/2023 21:37:38</updated_at>
	</RECORD>
	<RECORD>
		<id>13</id>
		<url_hash>2e438fcb</url_hash>
		<url>https://www.autoevolution.com/bristol/</url>
		<name>BRISTOL</name>
		<logo>https://s1.cdn.autoevolution.com/images/producers/bristol-sm.jpg</logo>
		<deleted_at/>
		<created_at>14/11/2023 21:37:38</created_at>
		<updated_at>14/11/2023 21:37:38</updated_at>
	</RECORD>
	<RECORD>
		<id>14</id>
		<url_hash>f26785db</url_hash>
		<url>https://www.autoevolution.com/bufori/</url>
		<name>BUFORI</name>
		<logo>https://s1.cdn.autoevolution.com/images/producers/bufori-sm.jpg</logo>
		<deleted_at/>
		<created_at>14/11/2023 21:37:38</created_at>
		<updated_at>14/11/2023 21:37:38</updated_at>
	</RECORD>
	<RECORD>
		<id>15</id>
		<url_hash>9c7a8937</url_hash>
		<url>https://www.autoevolution.com/bugatti/</url>
		<name>BUGATTI</name>
		<logo>https://s1.cdn.autoevolution.com/images/producers/bugatti-sm.jpg</logo>
		<deleted_at/>
		<created_at>14/11/2023 21:37:38</created_at>
		<updated_at>14/11/2023 21:37:38</updated_at>
	</RECORD>
	<RECORD>
		<id>16</id>
		<url_hash>71085004</url_hash>
		<url>https://www.autoevolution.com/buick/</url>
		<name>BUICK</name>
		<logo>https://s1.cdn.autoevolution.com/images/producers/buick-sm.jpg</logo>
		<deleted_at/>
		<created_at>14/11/2023 21:37:38</created_at>
		<updated_at>14/11/2023 21:37:38</updated_at>
	</RECORD>
	<RECORD>
		<id>17</id>
		<url_hash>6e8c9923</url_hash>
		<url>https://www.autoevolution.com/cadillac/</url>
		<name>CADILLAC</name>
		<logo>https://s1.cdn.autoevolution.com/images/producers/cadillac-sm.jpg</logo>
		<deleted_at/>
		<created_at>14/11/2023 21:37:38</created_at>
		<updated_at>14/11/2023 21:37:38</updated_at>
	</RECORD>
	<RECORD>
		<id>18</id>
		<url_hash>e0d0b513</url_hash>
		<url>https://www.autoevolution.com/caterham/</url>
		<name>CATERHAM</name>
		<logo>https://s1.cdn.autoevolution.com/images/producers/caterham-sm.jpg</logo>
		<deleted_at/>
		<created_at>14/11/2023 21:37:38</created_at>
		<updated_at>14/11/2023 21:37:38</updated_at>
	</RECORD>
	<RECORD>
		<id>19</id>
		<url_hash>5821495d</url_hash>
		<url>https://www.autoevolution.com/chevrolet/</url>
		<name>CHEVROLET</name>
		<logo>https://s1.cdn.autoevolution.com/images/producers/chevrolet-sm.jpg</logo>
		<deleted_at/>
		<created_at>14/11/2023 21:37:38</created_at>
		<updated_at>14/11/2023 21:37:38</updated_at>
	</RECORD>
	<RECORD>
		<id>20</id>
		<url_hash>7d1747a7</url_hash>
		<url>https://www.autoevolution.com/chrysler/</url>
		<name>CHRYSLER</name>
		<logo>https://s1.cdn.autoevolution.com/images/producers/chrysler-sm.jpg</logo>
		<deleted_at/>
		<created_at>14/11/2023 21:37:38</created_at>
		<updated_at>14/11/2023 21:37:38</updated_at>
	</RECORD>
	<RECORD>
		<id>21</id>
		<url_hash>e1f11746</url_hash>
		<url>https://www.autoevolution.com/citroen/</url>
		<name>CITROEN</name>
		<logo>https://s1.cdn.autoevolution.com/images/producers/citroen-sm.jpg</logo>
		<deleted_at/>
		<created_at>14/11/2023 21:37:38</created_at>
		<updated_at>14/11/2023 21:37:38</updated_at>
	</RECORD>
	<RECORD>
		<id>22</id>
		<url_hash>bd9303fb</url_hash>
		<url>https://www.autoevolution.com/cupra/</url>
		<name>CUPRA</name>
		<logo>https://s1.cdn.autoevolution.com/images/producers/cupra-sm.jpg</logo>
		<deleted_at/>
		<created_at>14/11/2023 21:37:38</created_at>
		<updated_at>14/11/2023 21:37:38</updated_at>
	</RECORD>
	<RECORD>
		<id>23</id>
		<url_hash>56fab89f</url_hash>
		<url>https://www.autoevolution.com/dacia/</url>
		<name>DACIA</name>
		<logo>https://s1.cdn.autoevolution.com/images/producers/dacia-sm.jpg</logo>
		<deleted_at/>
		<created_at>14/11/2023 21:37:38</created_at>
		<updated_at>14/11/2023 21:37:38</updated_at>
	</RECORD>
	<RECORD>
		<id>24</id>
		<url_hash>bfe59c83</url_hash>
		<url>https://www.autoevolution.com/daewoo/</url>
		<name>DAEWOO</name>
		<logo>https://s1.cdn.autoevolution.com/images/producers/daewoo-sm.jpg</logo>
		<deleted_at/>
		<created_at>14/11/2023 21:37:38</created_at>
		<updated_at>14/11/2023 21:37:38</updated_at>
	</RECORD>
	<RECORD>
		<id>25</id>
		<url_hash>24a09027</url_hash>
		<url>https://www.autoevolution.com/daihatsu/</url>
		<name>DAIHATSU</name>
		<logo>https://s1.cdn.autoevolution.com/images/producers/daihatsu-sm.jpg</logo>
		<deleted_at/>
		<created_at>14/11/2023 21:37:38</created_at>
		<updated_at>14/11/2023 21:37:38</updated_at>
	</RECORD>
	<RECORD>
		<id>26</id>
		<url_hash>a1f451f7</url_hash>
		<url>https://www.autoevolution.com/datsun/</url>
		<name>DATSUN</name>
		<logo>https://s1.cdn.autoevolution.com/images/producers/datsun-sm.jpg</logo>
		<deleted_at/>
		<created_at>14/11/2023 21:37:38</created_at>
		<updated_at>14/11/2023 21:37:38</updated_at>
	</RECORD>
	<RECORD>
		<id>27</id>
		<url_hash>50f41272</url_hash>
		<url>https://www.autoevolution.com/dmc/</url>
		<name>DeLorean</name>
		<logo>https://s1.cdn.autoevolution.com/images/producers/delorean-sm.jpg</logo>
		<deleted_at/>
		<created_at>14/11/2023 21:37:38</created_at>
		<updated_at>14/11/2023 21:37:38</updated_at>
	</RECORD>
	<RECORD>
		<id>28</id>
		<url_hash>21e10f3f</url_hash>
		<url>https://www.autoevolution.com/dodge/</url>
		<name>DODGE</name>
		<logo>https://s1.cdn.autoevolution.com/images/producers/dodge-sm.jpg</logo>
		<deleted_at/>
		<created_at>14/11/2023 21:37:38</created_at>
		<updated_at>14/11/2023 21:37:38</updated_at>
	</RECORD>
	<RECORD>
		<id>29</id>
		<url_hash>c1067a9e</url_hash>
		<url>https://www.autoevolution.com/donkervoort/</url>
		<name>DONKERVOORT</name>
		<logo>https://s1.cdn.autoevolution.com/images/producers/donkervoort-sm.jpg</logo>
		<deleted_at/>
		<created_at>14/11/2023 21:37:38</created_at>
		<updated_at>14/11/2023 21:37:38</updated_at>
	</RECORD>
	<RECORD>
		<id>30</id>
		<url_hash>8235d36c</url_hash>
		<url>https://www.autoevolution.com/dr-motor/</url>
		<name>DR MOTOR</name>
		<logo>https://s1.cdn.autoevolution.com/images/producers/dr-motor-sm.jpg</logo>
		<deleted_at/>
		<created_at>14/11/2023 21:37:38</created_at>
		<updated_at>14/11/2023 21:37:38</updated_at>
	</RECORD>
	<RECORD>
		<id>31</id>
		<url_hash>a035ea96</url_hash>
		<url>https://www.autoevolution.com/ds-automobiles/</url>
		<name>DS AUTOMOBILES</name>
		<logo>https://s1.cdn.autoevolution.com/images/producers/ds-automobiles-sm.jpg</logo>
		<deleted_at/>
		<created_at>14/11/2023 21:37:38</created_at>
		<updated_at>14/11/2023 21:37:38</updated_at>
	</RECORD>
	<RECORD>
		<id>32</id>
		<url_hash>1984fbbb</url_hash>
		<url>https://www.autoevolution.com/eagle/</url>
		<name>EAGLE</name>
		<logo>https://s1.cdn.autoevolution.com/images/producers/eagle-sm.jpg</logo>
		<deleted_at/>
		<created_at>14/11/2023 21:37:38</created_at>
		<updated_at>14/11/2023 21:37:38</updated_at>
	</RECORD>
	<RECORD>
		<id>33</id>
		<url_hash>f8a7ee71</url_hash>
		<url>https://www.autoevolution.com/ferrari/</url>
		<name>FERRARI</name>
		<logo>https://s1.cdn.autoevolution.com/images/producers/ferrari-sm.jpg</logo>
		<deleted_at/>
		<created_at>14/11/2023 21:37:38</created_at>
		<updated_at>14/11/2023 21:37:38</updated_at>
	</RECORD>
	<RECORD>
		<id>34</id>
		<url_hash>500cb3ae</url_hash>
		<url>https://www.autoevolution.com/fiat/</url>
		<name>FIAT</name>
		<logo>https://s1.cdn.autoevolution.com/images/producers/fiat-sm.jpg</logo>
		<deleted_at/>
		<created_at>14/11/2023 21:37:38</created_at>
		<updated_at>14/11/2023 21:37:38</updated_at>
	</RECORD>
	<RECORD>
		<id>35</id>
		<url_hash>66e01587</url_hash>
		<url>https://www.autoevolution.com/fisker/</url>
		<name>FISKER</name>
		<logo>https://s1.cdn.autoevolution.com/images/producers/fisker-sm.jpg</logo>
		<deleted_at/>
		<created_at>14/11/2023 21:37:38</created_at>
		<updated_at>14/11/2023 21:37:38</updated_at>
	</RECORD>
	<RECORD>
		<id>36</id>
		<url_hash>66ceee61</url_hash>
		<url>https://www.autoevolution.com/ford/</url>
		<name>FORD</name>
		<logo>https://s1.cdn.autoevolution.com/images/producers/ford-sm.jpg</logo>
		<deleted_at/>
		<created_at>14/11/2023 21:37:38</created_at>
		<updated_at>14/11/2023 21:37:38</updated_at>
	</RECORD>
	<RECORD>
		<id>37</id>
		<url_hash>28f9f816</url_hash>
		<url>https://www.autoevolution.com/fso/</url>
		<name>FSO</name>
		<logo>https://s1.cdn.autoevolution.com/images/producers/fso-sm.jpg</logo>
		<deleted_at/>
		<created_at>14/11/2023 21:37:38</created_at>
		<updated_at>14/11/2023 21:37:38</updated_at>
	</RECORD>
	<RECORD>
		<id>38</id>
		<url_hash>5bcc78ce</url_hash>
		<url>https://www.autoevolution.com/geely/</url>
		<name>GEELY</name>
		<logo>https://s1.cdn.autoevolution.com/images/producers/geely-sm.jpg</logo>
		<deleted_at/>
		<created_at>14/11/2023 21:37:38</created_at>
		<updated_at>14/11/2023 21:37:38</updated_at>
	</RECORD>
	<RECORD>
		<id>39</id>
		<url_hash>c8d01c31</url_hash>
		<url>https://www.autoevolution.com/genesis/</url>
		<name>GENESIS</name>
		<logo>https://s1.cdn.autoevolution.com/images/producers/genesis-sm.jpg</logo>
		<deleted_at/>
		<created_at>14/11/2023 21:37:38</created_at>
		<updated_at>14/11/2023 21:37:38</updated_at>
	</RECORD>
	<RECORD>
		<id>40</id>
		<url_hash>3e466512</url_hash>
		<url>https://www.autoevolution.com/gmc/</url>
		<name>GMC</name>
		<logo>https://s1.cdn.autoevolution.com/images/producers/gmc-sm.jpg</logo>
		<deleted_at/>
		<created_at>14/11/2023 21:37:38</created_at>
		<updated_at>14/11/2023 21:37:38</updated_at>
	</RECORD>
	<RECORD>
		<id>41</id>
		<url_hash>89a5db16</url_hash>
		<url>https://www.autoevolution.com/gordon-murray-automotive/</url>
		<name>GORDON MURRAY Automotive</name>
		<logo>https://s1.cdn.autoevolution.com/images/producers/gordon-murray-automotive-sm.jpg</logo>
		<deleted_at/>
		<created_at>14/11/2023 21:37:38</created_at>
		<updated_at>14/11/2023 21:37:38</updated_at>
	</RECORD>
	<RECORD>
		<id>42</id>
		<url_hash>ca1b3677</url_hash>
		<url>https://www.autoevolution.com/gta-motor/</url>
		<name>GTA Motor</name>
		<logo>https://s1.cdn.autoevolution.com/images/producers/gta-motor-sm.jpg</logo>
		<deleted_at/>
		<created_at>14/11/2023 21:37:38</created_at>
		<updated_at>14/11/2023 21:37:38</updated_at>
	</RECORD>
	<RECORD>
		<id>43</id>
		<url_hash>50756aed</url_hash>
		<url>https://www.autoevolution.com/hindustan/</url>
		<name>HINDUSTAN</name>
		<logo>https://s1.cdn.autoevolution.com/images/producers/hindustan-sm.jpg</logo>
		<deleted_at/>
		<created_at>14/11/2023 21:37:38</created_at>
		<updated_at>14/11/2023 21:37:38</updated_at>
	</RECORD>
	<RECORD>
		<id>44</id>
		<url_hash>d664630a</url_hash>
		<url>https://www.autoevolution.com/holden/</url>
		<name>HOLDEN</name>
		<logo>https://s1.cdn.autoevolution.com/images/producers/holden-sm.jpg</logo>
		<deleted_at/>
		<created_at>14/11/2023 21:37:38</created_at>
		<updated_at>14/11/2023 21:37:38</updated_at>
	</RECORD>
	<RECORD>
		<id>45</id>
		<url_hash>f2db5288</url_hash>
		<url>https://www.autoevolution.com/honda/</url>
		<name>HONDA</name>
		<logo>https://s1.cdn.autoevolution.com/images/producers/honda-sm.jpg</logo>
		<deleted_at/>
		<created_at>14/11/2023 21:37:38</created_at>
		<updated_at>14/11/2023 21:37:38</updated_at>
	</RECORD>
	<RECORD>
		<id>46</id>
		<url_hash>094385e0</url_hash>
		<url>https://www.autoevolution.com/hummer/</url>
		<name>HUMMER</name>
		<logo>https://s1.cdn.autoevolution.com/images/producers/hummer-sm.jpg</logo>
		<deleted_at/>
		<created_at>14/11/2023 21:37:38</created_at>
		<updated_at>14/11/2023 21:37:38</updated_at>
	</RECORD>
	<RECORD>
		<id>47</id>
		<url_hash>bedfdcc8</url_hash>
		<url>https://www.autoevolution.com/hyundai/</url>
		<name>HYUNDAI</name>
		<logo>https://s1.cdn.autoevolution.com/images/producers/hyundai-sm.jpg</logo>
		<deleted_at/>
		<created_at>14/11/2023 21:37:38</created_at>
		<updated_at>14/11/2023 21:37:38</updated_at>
	</RECORD>
	<RECORD>
		<id>48</id>
		<url_hash>ce0fe5ff</url_hash>
		<url>https://www.autoevolution.com/ineos/</url>
		<name>INEOS</name>
		<logo>https://s1.cdn.autoevolution.com/images/producers/ineos-sm.jpg</logo>
		<deleted_at/>
		<created_at>14/11/2023 21:37:38</created_at>
		<updated_at>14/11/2023 21:37:38</updated_at>
	</RECORD>
	<RECORD>
		<id>49</id>
		<url_hash>e3d29582</url_hash>
		<url>https://www.autoevolution.com/infiniti/</url>
		<name>INFINITI</name>
		<logo>https://s1.cdn.autoevolution.com/images/producers/infiniti-sm.jpg</logo>
		<deleted_at/>
		<created_at>14/11/2023 21:37:38</created_at>
		<updated_at>14/11/2023 21:37:38</updated_at>
	</RECORD>
	<RECORD>
		<id>50</id>
		<url_hash>24a6d55d</url_hash>
		<url>https://www.autoevolution.com/isuzu/</url>
		<name>ISUZU</name>
		<logo>https://s1.cdn.autoevolution.com/images/producers/isuzu-sm.jpg</logo>
		<deleted_at/>
		<created_at>14/11/2023 21:37:38</created_at>
		<updated_at>14/11/2023 21:37:38</updated_at>
	</RECORD>
	<RECORD>
		<id>51</id>
		<url_hash>55a3a57e</url_hash>
		<url>https://www.autoevolution.com/jaguar/</url>
		<name>JAGUAR</name>
		<logo>https://s1.cdn.autoevolution.com/images/producers/jaguar-sm.jpg</logo>
		<deleted_at/>
		<created_at>14/11/2023 21:37:38</created_at>
		<updated_at>14/11/2023 21:37:38</updated_at>
	</RECORD>
	<RECORD>
		<id>52</id>
		<url_hash>6fcff708</url_hash>
		<url>https://www.autoevolution.com/jeep/</url>
		<name>JEEP</name>
		<logo>https://s1.cdn.autoevolution.com/images/producers/jeep-sm.jpg</logo>
		<deleted_at/>
		<created_at>14/11/2023 21:37:38</created_at>
		<updated_at>14/11/2023 21:37:38</updated_at>
	</RECORD>
	<RECORD>
		<id>53</id>
		<url_hash>f6b63b2b</url_hash>
		<url>https://www.autoevolution.com/karma/</url>
		<name>Karma</name>
		<logo>https://s1.cdn.autoevolution.com/images/producers/karma-sm.jpg</logo>
		<deleted_at/>
		<created_at>14/11/2023 21:37:38</created_at>
		<updated_at>14/11/2023 21:37:38</updated_at>
	</RECORD>
	<RECORD>
		<id>54</id>
		<url_hash>22beea30</url_hash>
		<url>https://www.autoevolution.com/kia/</url>
		<name>KIA</name>
		<logo>https://s1.cdn.autoevolution.com/images/producers/kia-sm.jpg</logo>
		<deleted_at/>
		<created_at>14/11/2023 21:37:38</created_at>
		<updated_at>14/11/2023 21:37:38</updated_at>
	</RECORD>
	<RECORD>
		<id>55</id>
		<url_hash>8e03e045</url_hash>
		<url>https://www.autoevolution.com/koenigsegg/</url>
		<name>KOENIGSEGG</name>
		<logo>https://s1.cdn.autoevolution.com/images/producers/koenigsegg-sm.jpg</logo>
		<deleted_at/>
		<created_at>14/11/2023 21:37:38</created_at>
		<updated_at>14/11/2023 21:37:38</updated_at>
	</RECORD>
	<RECORD>
		<id>56</id>
		<url_hash>0a6e73ea</url_hash>
		<url>https://www.autoevolution.com/ktm/</url>
		<name>KTM</name>
		<logo>https://s1.cdn.autoevolution.com/images/producers/ktm-sm.jpg</logo>
		<deleted_at/>
		<created_at>14/11/2023 21:37:38</created_at>
		<updated_at>14/11/2023 21:37:38</updated_at>
	</RECORD>
	<RECORD>
		<id>57</id>
		<url_hash>bb397c05</url_hash>
		<url>https://www.autoevolution.com/lada/</url>
		<name>LADA</name>
		<logo>https://s1.cdn.autoevolution.com/images/producers/lada-sm.jpg</logo>
		<deleted_at/>
		<created_at>14/11/2023 21:37:38</created_at>
		<updated_at>14/11/2023 21:37:38</updated_at>
	</RECORD>
	<RECORD>
		<id>58</id>
		<url_hash>8ec4167b</url_hash>
		<url>https://www.autoevolution.com/lamborghini/</url>
		<name>LAMBORGHINI</name>
		<logo>https://s1.cdn.autoevolution.com/images/producers/lamborghini-sm.jpg</logo>
		<deleted_at/>
		<created_at>14/11/2023 21:37:38</created_at>
		<updated_at>14/11/2023 21:37:38</updated_at>
	</RECORD>
	<RECORD>
		<id>59</id>
		<url_hash>8847f78a</url_hash>
		<url>https://www.autoevolution.com/lancia/</url>
		<name>LANCIA</name>
		<logo>https://s1.cdn.autoevolution.com/images/producers/lancia-sm.jpg</logo>
		<deleted_at/>
		<created_at>14/11/2023 21:37:38</created_at>
		<updated_at>14/11/2023 21:37:38</updated_at>
	</RECORD>
	<RECORD>
		<id>60</id>
		<url_hash>1e3865db</url_hash>
		<url>https://www.autoevolution.com/land-rover/</url>
		<name>LAND ROVER</name>
		<logo>https://s1.cdn.autoevolution.com/images/producers/land-rover-sm.jpg</logo>
		<deleted_at/>
		<created_at>14/11/2023 21:37:38</created_at>
		<updated_at>14/11/2023 21:37:38</updated_at>
	</RECORD>
	<RECORD>
		<id>61</id>
		<url_hash>9a0e0bac</url_hash>
		<url>https://www.autoevolution.com/lexus/</url>
		<name>LEXUS</name>
		<logo>https://s1.cdn.autoevolution.com/images/producers/lexus-sm.jpg</logo>
		<deleted_at/>
		<created_at>14/11/2023 21:37:38</created_at>
		<updated_at>14/11/2023 21:37:38</updated_at>
	</RECORD>
	<RECORD>
		<id>62</id>
		<url_hash>db83bd1f</url_hash>
		<url>https://www.autoevolution.com/lightyear/</url>
		<name>LIGHTYEAR</name>
		<logo>https://s1.cdn.autoevolution.com/images/producers/lightyear-sm.jpg</logo>
		<deleted_at/>
		<created_at>14/11/2023 21:37:38</created_at>
		<updated_at>14/11/2023 21:37:38</updated_at>
	</RECORD>
	<RECORD>
		<id>63</id>
		<url_hash>273dac88</url_hash>
		<url>https://www.autoevolution.com/lincoln/</url>
		<name>LINCOLN</name>
		<logo>https://s1.cdn.autoevolution.com/images/producers/lincoln-sm.jpg</logo>
		<deleted_at/>
		<created_at>14/11/2023 21:37:38</created_at>
		<updated_at>14/11/2023 21:37:38</updated_at>
	</RECORD>
	<RECORD>
		<id>64</id>
		<url_hash>8912e7fa</url_hash>
		<url>https://www.autoevolution.com/lotus/</url>
		<name>LOTUS</name>
		<logo>https://s1.cdn.autoevolution.com/images/producers/lotus-sm.jpg</logo>
		<deleted_at/>
		<created_at>14/11/2023 21:37:38</created_at>
		<updated_at>14/11/2023 21:37:38</updated_at>
	</RECORD>
	<RECORD>
		<id>65</id>
		<url_hash>49648178</url_hash>
		<url>https://www.autoevolution.com/lucid-motors/</url>
		<name>Lucid Motors</name>
		<logo>https://s1.cdn.autoevolution.com/images/producers/lucid-motors-sm.jpg</logo>
		<deleted_at/>
		<created_at>14/11/2023 21:37:38</created_at>
		<updated_at>14/11/2023 21:37:38</updated_at>
	</RECORD>
	<RECORD>
		<id>66</id>
		<url_hash>927b1e16</url_hash>
		<url>https://www.autoevolution.com/mahindra/</url>
		<name>Mahindra</name>
		<logo>https://s1.cdn.autoevolution.com/images/producers/mahindra-sm.jpg</logo>
		<deleted_at/>
		<created_at>14/11/2023 21:37:38</created_at>
		<updated_at>14/11/2023 21:37:38</updated_at>
	</RECORD>
	<RECORD>
		<id>67</id>
		<url_hash>98a3dc88</url_hash>
		<url>https://www.autoevolution.com/marussia-motors/</url>
		<name>MARUSSIA</name>
		<logo>https://s1.cdn.autoevolution.com/images/producers/marussia-sm.jpg</logo>
		<deleted_at/>
		<created_at>14/11/2023 21:37:38</created_at>
		<updated_at>14/11/2023 21:37:38</updated_at>
	</RECORD>
	<RECORD>
		<id>68</id>
		<url_hash>e53c5e29</url_hash>
		<url>https://www.autoevolution.com/maruti-suzuki/</url>
		<name>MARUTI SUZUKI</name>
		<logo>https://s1.cdn.autoevolution.com/images/producers/maruti-suzuki-sm.jpg</logo>
		<deleted_at/>
		<created_at>14/11/2023 21:37:38</created_at>
		<updated_at>14/11/2023 21:37:38</updated_at>
	</RECORD>
	<RECORD>
		<id>69</id>
		<url_hash>d0e5802b</url_hash>
		<url>https://www.autoevolution.com/maserati/</url>
		<name>MASERATI</name>
		<logo>https://s1.cdn.autoevolution.com/images/producers/maserati-sm.jpg</logo>
		<deleted_at/>
		<created_at>14/11/2023 21:37:38</created_at>
		<updated_at>14/11/2023 21:37:38</updated_at>
	</RECORD>
	<RECORD>
		<id>70</id>
		<url_hash>0475bdc9</url_hash>
		<url>https://www.autoevolution.com/maybach/</url>
		<name>MAYBACH</name>
		<logo>https://s1.cdn.autoevolution.com/images/producers/maybach-sm.jpg</logo>
		<deleted_at/>
		<created_at>14/11/2023 21:37:38</created_at>
		<updated_at>14/11/2023 21:37:38</updated_at>
	</RECORD>
	<RECORD>
		<id>71</id>
		<url_hash>53c93c87</url_hash>
		<url>https://www.autoevolution.com/mazda/</url>
		<name>MAZDA</name>
		<logo>https://s1.cdn.autoevolution.com/images/producers/mazda-sm.jpg</logo>
		<deleted_at/>
		<created_at>14/11/2023 21:37:38</created_at>
		<updated_at>14/11/2023 21:37:38</updated_at>
	</RECORD>
	<RECORD>
		<id>72</id>
		<url_hash>6734ab3b</url_hash>
		<url>https://www.autoevolution.com/mclaren/</url>
		<name>MCLAREN</name>
		<logo>https://s1.cdn.autoevolution.com/images/producers/mclaren-sm.jpg</logo>
		<deleted_at/>
		<created_at>14/11/2023 21:37:38</created_at>
		<updated_at>14/11/2023 21:37:38</updated_at>
	</RECORD>
	<RECORD>
		<id>73</id>
		<url_hash>09f234aa</url_hash>
		<url>https://www.autoevolution.com/mercedes-benz/</url>
		<name>MERCEDES BENZ</name>
		<logo>https://s1.cdn.autoevolution.com/images/producers/mercedes-benz-sm.jpg</logo>
		<deleted_at/>
		<created_at>14/11/2023 21:37:38</created_at>
		<updated_at>14/11/2023 21:37:38</updated_at>
	</RECORD>
	<RECORD>
		<id>74</id>
		<url_hash>4b4e9ce2</url_hash>
		<url>https://www.autoevolution.com/mercedes-amg/</url>
		<name>Mercedes-AMG</name>
		<logo>https://s1.cdn.autoevolution.com/images/producers/mercedes-amg-sm.jpg</logo>
		<deleted_at/>
		<created_at>14/11/2023 21:37:38</created_at>
		<updated_at>14/11/2023 21:37:38</updated_at>
	</RECORD>
	<RECORD>
		<id>75</id>
		<url_hash>ac8cef18</url_hash>
		<url>https://www.autoevolution.com/mercury/</url>
		<name>MERCURY</name>
		<logo>https://s1.cdn.autoevolution.com/images/producers/mercury-sm.jpg</logo>
		<deleted_at/>
		<created_at>14/11/2023 21:37:38</created_at>
		<updated_at>14/11/2023 21:37:38</updated_at>
	</RECORD>
	<RECORD>
		<id>76</id>
		<url_hash>f5cfb51e</url_hash>
		<url>https://www.autoevolution.com/mg/</url>
		<name>MG</name>
		<logo>https://s1.cdn.autoevolution.com/images/producers/mg-sm.jpg</logo>
		<deleted_at/>
		<created_at>14/11/2023 21:37:38</created_at>
		<updated_at>14/11/2023 21:37:38</updated_at>
	</RECORD>
	<RECORD>
		<id>77</id>
		<url_hash>58b8a732</url_hash>
		<url>https://www.autoevolution.com/mini/</url>
		<name>MINI</name>
		<logo>https://s1.cdn.autoevolution.com/images/producers/mini-sm.jpg</logo>
		<deleted_at/>
		<created_at>14/11/2023 21:37:38</created_at>
		<updated_at>14/11/2023 21:37:38</updated_at>
	</RECORD>
	<RECORD>
		<id>78</id>
		<url_hash>63ef8a2d</url_hash>
		<url>https://www.autoevolution.com/mitsubishi/</url>
		<name>MITSUBISHI</name>
		<logo>https://s1.cdn.autoevolution.com/images/producers/mitsubishi-sm.jpg</logo>
		<deleted_at/>
		<created_at>14/11/2023 21:37:38</created_at>
		<updated_at>14/11/2023 21:37:38</updated_at>
	</RECORD>
	<RECORD>
		<id>79</id>
		<url_hash>d5f4686b</url_hash>
		<url>https://www.autoevolution.com/morgan/</url>
		<name>MORGAN</name>
		<logo>https://s1.cdn.autoevolution.com/images/producers/morgan-sm.jpg</logo>
		<deleted_at/>
		<created_at>14/11/2023 21:37:38</created_at>
		<updated_at>14/11/2023 21:37:38</updated_at>
	</RECORD>
	<RECORD>
		<id>80</id>
		<url_hash>6494ecff</url_hash>
		<url>https://www.autoevolution.com/nio/</url>
		<name>NIO</name>
		<logo>https://s1.cdn.autoevolution.com/images/producers/nio-sm.jpg</logo>
		<deleted_at/>
		<created_at>14/11/2023 21:37:38</created_at>
		<updated_at>14/11/2023 21:37:38</updated_at>
	</RECORD>
	<RECORD>
		<id>81</id>
		<url_hash>dd658d22</url_hash>
		<url>https://www.autoevolution.com/nissan/</url>
		<name>NISSAN</name>
		<logo>https://s1.cdn.autoevolution.com/images/producers/nissan-sm.jpg</logo>
		<deleted_at/>
		<created_at>14/11/2023 21:37:38</created_at>
		<updated_at>14/11/2023 21:37:38</updated_at>
	</RECORD>
	<RECORD>
		<id>82</id>
		<url_hash>34c19092</url_hash>
		<url>https://www.autoevolution.com/oldsmobile/</url>
		<name>OLDSMOBILE</name>
		<logo>https://s1.cdn.autoevolution.com/images/producers/oldsmobile-sm.jpg</logo>
		<deleted_at/>
		<created_at>14/11/2023 21:37:38</created_at>
		<updated_at>14/11/2023 21:37:38</updated_at>
	</RECORD>
	<RECORD>
		<id>83</id>
		<url_hash>9829bfe9</url_hash>
		<url>https://www.autoevolution.com/opel/</url>
		<name>OPEL</name>
		<logo>https://s1.cdn.autoevolution.com/images/producers/opel-sm.jpg</logo>
		<deleted_at/>
		<created_at>14/11/2023 21:37:38</created_at>
		<updated_at>14/11/2023 21:37:38</updated_at>
	</RECORD>
	<RECORD>
		<id>84</id>
		<url_hash>c43a9d1d</url_hash>
		<url>https://www.autoevolution.com/pagani/</url>
		<name>PAGANI</name>
		<logo>https://s1.cdn.autoevolution.com/images/producers/pagani-sm.jpg</logo>
		<deleted_at/>
		<created_at>14/11/2023 21:37:38</created_at>
		<updated_at>14/11/2023 21:37:38</updated_at>
	</RECORD>
	<RECORD>
		<id>85</id>
		<url_hash>b9270af0</url_hash>
		<url>https://www.autoevolution.com/panoz/</url>
		<name>PANOZ</name>
		<logo>https://s1.cdn.autoevolution.com/images/producers/panoz-sm.jpg</logo>
		<deleted_at/>
		<created_at>14/11/2023 21:37:38</created_at>
		<updated_at>14/11/2023 21:37:38</updated_at>
	</RECORD>
	<RECORD>
		<id>86</id>
		<url_hash>49e82a85</url_hash>
		<url>https://www.autoevolution.com/perodua/</url>
		<name>PERODUA</name>
		<logo>https://s1.cdn.autoevolution.com/images/producers/perodua-sm.jpg</logo>
		<deleted_at/>
		<created_at>14/11/2023 21:37:38</created_at>
		<updated_at>14/11/2023 21:37:38</updated_at>
	</RECORD>
	<RECORD>
		<id>87</id>
		<url_hash>b0d9e4ce</url_hash>
		<url>https://www.autoevolution.com/peugeot/</url>
		<name>PEUGEOT</name>
		<logo>https://s1.cdn.autoevolution.com/images/producers/peugeot-sm.jpg</logo>
		<deleted_at/>
		<created_at>14/11/2023 21:37:38</created_at>
		<updated_at>14/11/2023 21:37:38</updated_at>
	</RECORD>
	<RECORD>
		<id>88</id>
		<url_hash>222e13ea</url_hash>
		<url>https://www.autoevolution.com/pininfarina/</url>
		<name>Pininfarina</name>
		<logo>https://s1.cdn.autoevolution.com/images/producers/pininfarina-sm.jpg</logo>
		<deleted_at/>
		<created_at>14/11/2023 21:37:38</created_at>
		<updated_at>14/11/2023 21:37:38</updated_at>
	</RECORD>
	<RECORD>
		<id>89</id>
		<url_hash>0e3a40a9</url_hash>
		<url>https://www.autoevolution.com/plymouth/</url>
		<name>PLYMOUTH</name>
		<logo>https://s1.cdn.autoevolution.com/images/producers/plymouth-sm.jpg</logo>
		<deleted_at/>
		<created_at>14/11/2023 21:37:38</created_at>
		<updated_at>14/11/2023 21:37:38</updated_at>
	</RECORD>
	<RECORD>
		<id>90</id>
		<url_hash>25962213</url_hash>
		<url>https://www.autoevolution.com/polestar/</url>
		<name>Polestar</name>
		<logo>https://s1.cdn.autoevolution.com/images/producers/polestar-sm.jpg</logo>
		<deleted_at/>
		<created_at>14/11/2023 21:37:38</created_at>
		<updated_at>14/11/2023 21:37:38</updated_at>
	</RECORD>
	<RECORD>
		<id>91</id>
		<url_hash>dcdc5891</url_hash>
		<url>https://www.autoevolution.com/pontiac/</url>
		<name>PONTIAC</name>
		<logo>https://s1.cdn.autoevolution.com/images/producers/pontiac-sm.jpg</logo>
		<deleted_at/>
		<created_at>14/11/2023 21:37:38</created_at>
		<updated_at>14/11/2023 21:37:38</updated_at>
	</RECORD>
	<RECORD>
		<id>92</id>
		<url_hash>15a421c6</url_hash>
		<url>https://www.autoevolution.com/porsche/</url>
		<name>PORSCHE</name>
		<logo>https://s1.cdn.autoevolution.com/images/producers/porsche-sm.jpg</logo>
		<deleted_at/>
		<created_at>14/11/2023 21:37:38</created_at>
		<updated_at>14/11/2023 21:37:38</updated_at>
	</RECORD>
	<RECORD>
		<id>93</id>
		<url_hash>91c9d6a6</url_hash>
		<url>https://www.autoevolution.com/proton/</url>
		<name>PROTON</name>
		<logo>https://s1.cdn.autoevolution.com/images/producers/proton-sm.jpg</logo>
		<deleted_at/>
		<created_at>14/11/2023 21:37:38</created_at>
		<updated_at>14/11/2023 21:37:38</updated_at>
	</RECORD>
	<RECORD>
		<id>94</id>
		<url_hash>7c1a7f32</url_hash>
		<url>https://www.autoevolution.com/qoros/</url>
		<name>QOROS</name>
		<logo>https://s1.cdn.autoevolution.com/images/producers/qoros-sm.jpg</logo>
		<deleted_at/>
		<created_at>14/11/2023 21:37:38</created_at>
		<updated_at>14/11/2023 21:37:38</updated_at>
	</RECORD>
	<RECORD>
		<id>95</id>
		<url_hash>b2979304</url_hash>
		<url>https://www.autoevolution.com/ram-trucks/</url>
		<name>RAM Trucks</name>
		<logo>https://s1.cdn.autoevolution.com/images/producers/ram-trucks-sm.jpg</logo>
		<deleted_at/>
		<created_at>14/11/2023 21:37:38</created_at>
		<updated_at>14/11/2023 21:37:38</updated_at>
	</RECORD>
	<RECORD>
		<id>96</id>
		<url_hash>e8424d7c</url_hash>
		<url>https://www.autoevolution.com/renault/</url>
		<name>RENAULT</name>
		<logo>https://s1.cdn.autoevolution.com/images/producers/renault-sm.jpg</logo>
		<deleted_at/>
		<created_at>14/11/2023 21:37:38</created_at>
		<updated_at>14/11/2023 21:37:38</updated_at>
	</RECORD>
	<RECORD>
		<id>97</id>
		<url_hash>961ed2a5</url_hash>
		<url>https://www.autoevolution.com/rimac/</url>
		<name>RIMAC</name>
		<logo>https://s1.cdn.autoevolution.com/images/producers/rimac-sm.jpg</logo>
		<deleted_at/>
		<created_at>14/11/2023 21:37:38</created_at>
		<updated_at>14/11/2023 21:37:38</updated_at>
	</RECORD>
	<RECORD>
		<id>98</id>
		<url_hash>7a2d4755</url_hash>
		<url>https://www.autoevolution.com/rivian/</url>
		<name>RIVIAN</name>
		<logo>https://s1.cdn.autoevolution.com/images/producers/rivian-sm.jpg</logo>
		<deleted_at/>
		<created_at>14/11/2023 21:37:38</created_at>
		<updated_at>14/11/2023 21:37:38</updated_at>
	</RECORD>
	<RECORD>
		<id>99</id>
		<url_hash>f40f793f</url_hash>
		<url>https://www.autoevolution.com/rolls-royce/</url>
		<name>ROLLS-ROYCE</name>
		<logo>https://s1.cdn.autoevolution.com/images/producers/rolls-royce-sm.jpg</logo>
		<deleted_at/>
		<created_at>14/11/2023 21:37:38</created_at>
		<updated_at>14/11/2023 21:37:38</updated_at>
	</RECORD>
	<RECORD>
		<id>100</id>
		<url_hash>ed5af548</url_hash>
		<url>https://www.autoevolution.com/saab/</url>
		<name>SAAB</name>
		<logo>https://s1.cdn.autoevolution.com/images/producers/saab-sm.jpg</logo>
		<deleted_at/>
		<created_at>14/11/2023 21:37:38</created_at>
		<updated_at>14/11/2023 21:37:38</updated_at>
	</RECORD>
	<RECORD>
		<id>101</id>
		<url_hash>a88e0c11</url_hash>
		<url>https://www.autoevolution.com/saleen/</url>
		<name>SALEEN</name>
		<logo>https://s1.cdn.autoevolution.com/images/producers/saleen-sm.jpg</logo>
		<deleted_at/>
		<created_at>14/11/2023 21:37:38</created_at>
		<updated_at>14/11/2023 21:37:38</updated_at>
	</RECORD>
	<RECORD>
		<id>102</id>
		<url_hash>8168cb43</url_hash>
		<url>https://www.autoevolution.com/samsung/</url>
		<name>SAMSUNG</name>
		<logo>https://s1.cdn.autoevolution.com/images/producers/samsung-sm.jpg</logo>
		<deleted_at/>
		<created_at>14/11/2023 21:37:38</created_at>
		<updated_at>14/11/2023 21:37:38</updated_at>
	</RECORD>
	<RECORD>
		<id>103</id>
		<url_hash>1d8a67fb</url_hash>
		<url>https://www.autoevolution.com/santana/</url>
		<name>SANTANA</name>
		<logo>https://s1.cdn.autoevolution.com/images/producers/santana-sm.jpg</logo>
		<deleted_at/>
		<created_at>14/11/2023 21:37:38</created_at>
		<updated_at>14/11/2023 21:37:38</updated_at>
	</RECORD>
	<RECORD>
		<id>104</id>
		<url_hash>e425a23c</url_hash>
		<url>https://www.autoevolution.com/saturn/</url>
		<name>SATURN</name>
		<logo>https://s1.cdn.autoevolution.com/images/producers/saturn-sm.jpg</logo>
		<deleted_at/>
		<created_at>14/11/2023 21:37:38</created_at>
		<updated_at>14/11/2023 21:37:38</updated_at>
	</RECORD>
	<RECORD>
		<id>105</id>
		<url_hash>fabb9f06</url_hash>
		<url>https://www.autoevolution.com/scion/</url>
		<name>SCION</name>
		<logo>https://s1.cdn.autoevolution.com/images/producers/scion-sm.jpg</logo>
		<deleted_at/>
		<created_at>14/11/2023 21:37:38</created_at>
		<updated_at>14/11/2023 21:37:38</updated_at>
	</RECORD>
	<RECORD>
		<id>106</id>
		<url_hash>5d3287c1</url_hash>
		<url>https://www.autoevolution.com/seat/</url>
		<name>SEAT</name>
		<logo>https://s1.cdn.autoevolution.com/images/producers/seat-sm.jpg</logo>
		<deleted_at/>
		<created_at>14/11/2023 21:37:38</created_at>
		<updated_at>14/11/2023 21:37:38</updated_at>
	</RECORD>
	<RECORD>
		<id>107</id>
		<url_hash>b974b236</url_hash>
		<url>https://www.autoevolution.com/skoda/</url>
		<name>SKODA</name>
		<logo>https://s1.cdn.autoevolution.com/images/producers/skoda-sm.jpg</logo>
		<deleted_at/>
		<created_at>14/11/2023 21:37:38</created_at>
		<updated_at>14/11/2023 21:37:38</updated_at>
	</RECORD>
	<RECORD>
		<id>108</id>
		<url_hash>f29c6c23</url_hash>
		<url>https://www.autoevolution.com/smart/</url>
		<name>SMART</name>
		<logo>https://s1.cdn.autoevolution.com/images/producers/smart-sm.jpg</logo>
		<deleted_at/>
		<created_at>14/11/2023 21:37:38</created_at>
		<updated_at>14/11/2023 21:37:38</updated_at>
	</RECORD>
	<RECORD>
		<id>109</id>
		<url_hash>dba676b0</url_hash>
		<url>https://www.autoevolution.com/spyker/</url>
		<name>SPYKER</name>
		<logo>https://s1.cdn.autoevolution.com/images/producers/spyker-sm.jpg</logo>
		<deleted_at/>
		<created_at>14/11/2023 21:37:38</created_at>
		<updated_at>14/11/2023 21:37:38</updated_at>
	</RECORD>
	<RECORD>
		<id>110</id>
		<url_hash>fcc0c6b0</url_hash>
		<url>https://www.autoevolution.com/ssang-yong/</url>
		<name>SSANGYONG</name>
		<logo>https://s1.cdn.autoevolution.com/images/producers/ssangyong-sm.jpg</logo>
		<deleted_at/>
		<created_at>14/11/2023 21:37:38</created_at>
		<updated_at>14/11/2023 21:37:38</updated_at>
	</RECORD>
	<RECORD>
		<id>111</id>
		<url_hash>927e6cb4</url_hash>
		<url>https://www.autoevolution.com/subaru/</url>
		<name>SUBARU</name>
		<logo>https://s1.cdn.autoevolution.com/images/producers/subaru-sm.jpg</logo>
		<deleted_at/>
		<created_at>14/11/2023 21:37:38</created_at>
		<updated_at>14/11/2023 21:37:38</updated_at>
	</RECORD>
	<RECORD>
		<id>112</id>
		<url_hash>19ef1c30</url_hash>
		<url>https://www.autoevolution.com/suzuki/</url>
		<name>SUZUKI</name>
		<logo>https://s1.cdn.autoevolution.com/images/producers/suzuki-sm.jpg</logo>
		<deleted_at/>
		<created_at>14/11/2023 21:37:38</created_at>
		<updated_at>14/11/2023 21:37:38</updated_at>
	</RECORD>
	<RECORD>
		<id>113</id>
		<url_hash>3b783730</url_hash>
		<url>https://www.autoevolution.com/tata-motors/</url>
		<name>TATA MOTORS</name>
		<logo>https://s1.cdn.autoevolution.com/images/producers/tata-motors-sm.jpg</logo>
		<deleted_at/>
		<created_at>14/11/2023 21:37:38</created_at>
		<updated_at>14/11/2023 21:37:38</updated_at>
	</RECORD>
	<RECORD>
		<id>114</id>
		<url_hash>b188d7f4</url_hash>
		<url>https://www.autoevolution.com/tesla-motors/</url>
		<name>TESLA</name>
		<logo>https://s1.cdn.autoevolution.com/images/producers/tesla-sm.jpg</logo>
		<deleted_at/>
		<created_at>14/11/2023 21:37:38</created_at>
		<updated_at>14/11/2023 21:37:38</updated_at>
	</RECORD>
	<RECORD>
		<id>115</id>
		<url_hash>b6ccd774</url_hash>
		<url>https://www.autoevolution.com/toyota/</url>
		<name>TOYOTA</name>
		<logo>https://s1.cdn.autoevolution.com/images/producers/toyota-sm.jpg</logo>
		<deleted_at/>
		<created_at>14/11/2023 21:37:38</created_at>
		<updated_at>14/11/2023 21:37:38</updated_at>
	</RECORD>
	<RECORD>
		<id>116</id>
		<url_hash>fdda6856</url_hash>
		<url>https://www.autoevolution.com/tvr/</url>
		<name>TVR</name>
		<logo>https://s1.cdn.autoevolution.com/images/producers/tvr-sm.jpg</logo>
		<deleted_at/>
		<created_at>14/11/2023 21:37:38</created_at>
		<updated_at>14/11/2023 21:37:38</updated_at>
	</RECORD>
	<RECORD>
		<id>117</id>
		<url_hash>b660afc4</url_hash>
		<url>https://www.autoevolution.com/vauxhall/</url>
		<name>VAUXHALL</name>
		<logo>https://s1.cdn.autoevolution.com/images/producers/vauxhall-sm.jpg</logo>
		<deleted_at/>
		<created_at>14/11/2023 21:37:38</created_at>
		<updated_at>14/11/2023 21:37:38</updated_at>
	</RECORD>
	<RECORD>
		<id>118</id>
		<url_hash>0d4be83a</url_hash>
		<url>https://www.autoevolution.com/vinfast/</url>
		<name>VinFast</name>
		<logo>https://s1.cdn.autoevolution.com/images/producers/vinfast-sm.jpg</logo>
		<deleted_at/>
		<created_at>14/11/2023 21:37:38</created_at>
		<updated_at>14/11/2023 21:37:38</updated_at>
	</RECORD>
	<RECORD>
		<id>119</id>
		<url_hash>5fae2a20</url_hash>
		<url>https://www.autoevolution.com/volkswagen/</url>
		<name>VOLKSWAGEN</name>
		<logo>https://s1.cdn.autoevolution.com/images/producers/volkswagen-sm.jpg</logo>
		<deleted_at/>
		<created_at>14/11/2023 21:37:38</created_at>
		<updated_at>14/11/2023 21:37:38</updated_at>
	</RECORD>
	<RECORD>
		<id>120</id>
		<url_hash>46101c70</url_hash>
		<url>https://www.autoevolution.com/volvo/</url>
		<name>VOLVO</name>
		<logo>https://s1.cdn.autoevolution.com/images/producers/volvo-sm.jpg</logo>
		<deleted_at/>
		<created_at>14/11/2023 21:37:38</created_at>
		<updated_at>14/11/2023 21:37:38</updated_at>
	</RECORD>
	<RECORD>
		<id>121</id>
		<url_hash>65bfd33a</url_hash>
		<url>https://www.autoevolution.com/wiesmann/</url>
		<name>WIESMANN</name>
		<logo>https://s1.cdn.autoevolution.com/images/producers/wiesmann-sm.jpg</logo>
		<deleted_at/>
		<created_at>14/11/2023 21:37:38</created_at>
		<updated_at>14/11/2023 21:37:38</updated_at>
	</RECORD>
	<RECORD>
		<id>122</id>
		<url_hash>2f9bf476</url_hash>
		<url>https://www.autoevolution.com/xpeng/</url>
		<name>Xpeng</name>
		<logo>https://s1.cdn.autoevolution.com/images/producers/xpeng-sm.jpg</logo>
		<deleted_at/>
		<created_at>14/11/2023 21:37:38</created_at>
		<updated_at>14/11/2023 21:37:38</updated_at>
	</RECORD>
	<RECORD>
		<id>123</id>
		<url_hash>fa0488d0</url_hash>
		<url>https://www.autoevolution.com/zender/</url>
		<name>ZENDER</name>
		<logo>https://s1.cdn.autoevolution.com/images/producers/zender-sm.jpg</logo>
		<deleted_at/>
		<created_at>14/11/2023 21:37:38</created_at>
		<updated_at>14/11/2023 21:37:38</updated_at>
	</RECORD>
	<RECORD>
		<id>124</id>
		<url_hash>a3ae15aa</url_hash>
		<url>https://www.autoevolution.com/zenvo/</url>
		<name>Zenvo</name>
		<logo>https://s1.cdn.autoevolution.com/images/producers/zenvo-sm.jpg</logo>
		<deleted_at/>
		<created_at>14/11/2023 21:37:38</created_at>
		<updated_at>14/11/2023 21:37:38</updated_at>
	</RECORD>
</RECORDS>

